"id"	"name"
"SOY:0000000"	"Soybean Growth and Trait Ontology V2.0 revision 7"
"SOY:0000001"	"0 Germination"
"SOY:0000002"	"1 Leaf Production"
"SOY:0000003"	"2 Axillary Shoot Formation"
"SOY:0000004"	"3 Stem Elongation"
"SOY:0000005"	"4 Inflorescence Formation"
"SOY:0000006"	"6 Flowering"
"SOY:0000007"	"7-8 Fruit Formation and Maturation"
"SOY:0000008"	"9 Senescence"
"SOY:0000009"	"00 Dry Seed"
"SOY:0000010"	"06 Elongation of radical and root hair formation"
"SOY:0000011"	"05 Radical Emergence from Seed Coat"
"SOY:0000012"	"07 Shoot Emergence"
"SOY:0000013"	"0.07.01 Cotyledons and Hypocotyl Emerge"
"SOY:0000014"	"1.00 Cotyledon Visible PO:0007049, BBCH 10 100"
"SOY:0000015"	"1.01 Unifoliolate Leaves Unfolded PO:0007094, BBCH 11 101"
"SOY:0000016"	"1.02 First Trifoliolate Leaf Unfolded PO:0007094, BBCH 12 102"
"SOY:0000017"	"1.03 2nd Trifoliolate Leaf Unfolded PO:0007106, BBCH 13 103"
"SOY:0000018"	"1.04 3rd Trifoliolate Leaf Unfolded PO:0007115, BBCH 14 104"
"SOY:0000019"	"1.05 4th Trifoliolate Leaf Unfolded PO:0007065, BBCH 15 105"
"SOY:0000020"	"1.06 5th Trifoliolate Leaf Unfolded PO:0007123, BBCH 16 106"
"SOY:0000021"	"1.07 6th Trifoliolate Leaf Unfolded PO:0007063, BBCH 17 107"
"SOY:0000022"	"1.08 7th Trifoliolate Leaf Unfolded PO:0007095, BBCH 18 108"
"SOY:0000023"	"1.09 8th Trifoliolate Leaf Unfolded PO:0007101, BBCH 19 109"
"SOY:0000024"	"1.10 9th Trifoliolate Leaf Unfolded PO:0007103, BBCH 19 110"
"SOY:0000025"	"1.11 10th Trifoliolate Leaf Unfolded PO:0007116, BBCH 19 111"
"SOY:0000026"	"1.12 11th Trifoliolate Leaf Unfolded PO:0007064, BBCH 19 112"
"SOY:0000027"	"1.13 12th Trifoliolate Leaf Unfolded PO:0007083, BBCH 19 113"
"SOY:0000028"	"1.14 13th Trifoliolate Leaf Unfolded PO:0007085, BBCH 19 114"
"SOY:0000029"	"1.15 14th Trifoliolate Leaf Unfolded PO:0007104, BBCH 19 115"
"SOY:0000030"	"1.16 15th Trifoliolate Leaf Unfolded PO:0007119, BBCH 19 116"
"SOY:0000031"	"1.17 16th trifoliate leaf unfolded PO:0007067, BBCH 19 117"
"SOY:0000032"	"1.18 17th Trifoliolate Leaf Unfolded PO:0007072, BBCH 19 118"
"SOY:0000033"	"1.19 18th Trifoliolate Leaf Unfolded PO:0007120, BBCH 19 119"
"SOY:0000034"	"1.20 19th Trifoliolate Leaf Unfolded PO:0007082"
"SOY:0000035"	"1.21 20th trifoliplate leaf unfolded PO:0007082"
"SOY:0000036"	"1.22 21st Trifoliolate Leaf Unfolded PO:0007082"
"SOY:0000037"	"1.23 22nd Trifoliolate Leaf Unfolded PO:0007082"
"SOY:0000038"	"1.24 23rd Trifoliolate Leaf Unfolded PO:0007082"
"SOY:0000039"	"1.26 25 or more Trifoliolate Leaves Unfolded PO:0007082"
"SOY:0000040"	"2.01 Main shoot and Axillary Shoot Visible at one node"
"SOY:0000041"	"2.02 Main Shoot and Axillary Shoots Visible at 2 nodes"
"SOY:0000042"	"2.03 Main Shoot and Axillary Shoots Visible at 3 nodes"
"SOY:0000043"	"2.04 Main Shoot and Axillary Shoots Visible at 4 nodes"
"SOY:0000044"	"2.05 Main Shoot and Axillary Shoots Visible at 5 nodes"
"SOY:0000045"	"2.06 Main Shoot and Axillary Shoots Visible at 6 nodes"
"SOY:0000046"	"2.07 Main Shoot and Axillary Shoots Visible at 7 nodes"
"SOY:0000047"	"2.08 Main Shoot and Axillary Shoots Visible at 8 nodes"
"SOY:0000048"	"2.09 Main Shoot and Axillary Shoots Visible at 9 or more nodes"
"SOY:0000049"	"3.00 Stem Elongation Begins"
"SOY:0000050"	"3.01 One Node Visible"
"SOY:0000051"	"3.02 2 Nodes/Internode Visible"
"SOY:0000052"	"3.03 3 Nodes/Internodes Visible"
"SOY:0000053"	"3.04 4 Nodes/Internodes Visible"
"SOY:0000054"	"3.05 5 Nodes/Internodes Visible"
"SOY:0000055"	"3.06 6 Nodes/Internodes Visible"
"SOY:0000056"	"3.07 7 Nodes/Internodes Visible"
"SOY:0000057"	"3.08 8 Nodes/Internodes Visible"
"SOY:0000058"	"3.09 9 Nodes/Internodes Visible"
"SOY:0000059"	"3.10 10 Nodes/Internodes Visible"
"SOY:0000060"	"3.11 11 Nodes/Internodes Visible"
"SOY:0000061"	"3.12 12 Nodes/Internodes Visible"
"SOY:0000062"	"3.13 13 Nodes/Internodes Visible"
"SOY:0000063"	"3.14 14 Nodes/Internodes Visible"
"SOY:0000064"	"3.15 15 Nodes/Internodes Visible"
"SOY:0000065"	"3.16 16 or More Nodes/Internodes Visible"
"SOY:0000066"	"3.99 Maximum Stem Length Reached"
"SOY:0000067"	"4.01 Inflorescence Just Visible."
"SOY:0000068"	"4.02 1/4 of Inflorescence Length Reached"
"SOY:0000069"	"4.03 1/2 of Inflorescence Length Reached"
"SOY:0000070"	"4.04 Full Inflorescence Length Reached"
"SOY:0000071"	"Leaf Number"
"SOY:0000072"	"6.00 1st Flowers on Main Stem Open PO:0007026, BBCH 60 600"
"SOY:0000073"	"6.02 1/4 of Flowers Open"
"SOY:0000074"	"6.07 3/4 of Flowers Open"
"SOY:0000075"	"6.08 Full Flowering Approx. Equiv. PO:0007052"
"SOY:0000076"	"6.09 End of Flowering"
"SOY:0000077"	"7 Pod Formation"
"SOY:0000078"	"8 Bean Development"
"SOY:0000079"	"7.01 Pod 10% of Final Length Approx. Equiv. R3, PO:0007032"
"SOY:0000080"	"7.02 Pod 30% of Final Length"
"SOY:0000081"	"7.03 Pod 50% of Final Length PO:0007029, approx. equiv. R4"
"SOY:0000082"	"7.07 Pod 70% of Final Length"
"SOY:0000083"	"7.08 Pod 75% of Final Length"
"SOY:0000084"	"7.09 Pod Full Size"
"SOY:0000085"	"8.01 Beginning of Bean Ripening PO:0007001 approx. equiv. R5"
"SOY:0000086"	"8.03 Early Ripening"
"SOY:0000087"	"8.05 Mid Ripening Approx. Equiv. PO:0007031, R6"
"SOY:0000088"	"8.07 Late Ripening Approx. Equiv. PO:0007050, R7, BBCH 79 709"
"SOY:0000089"	"8.09 Final Ripening Approx. Equiv. PO:0007038, R8, BBCH 89 909"
"SOY:0000090"	"01 Beginning of Seed Imbibition"
"SOY:0000091"	"03 Seed Imbibition Complete"
"SOY:0000092"	"0.07.02 Hypocotyl Emerges Above Soil"
"SOY:0000093"	"0.07.03 Cotyledons Emerge"
"SOY:0000094"	"6.05 1/2 of Flowers on Main Stem Open PO:0007053, BCCH 65 605"
"SOY:0000095"	"7.10 Pod Mature"
"SOY:0000096"	"1.25 24th Trifoliolate Leaf Unfolded PO:0007082"
"SOY:0000097"	"Soybean Whole Plant Growth Stages"
"SOY:0000098"	"Soybean Structure Terms"
"SOY:0000099"	"Soybean Trait Terms"
"SOY:0000100"	"m1"
"SOY:0000101"	"m2"
"SOY:0000102"	"m3"
"SOY:0000103"	"m4"
"SOY:0000104"	"m5"
"SOY:0000105"	"m6"
"SOY:0000106"	"m7"
"SOY:0000107"	"m8"
"SOY:0000108"	"m9"
"SOY:0000109"	"m10"
"SOY:0000110"	"m11"
"SOY:0000111"	"m12"
"SOY:0000112"	"m13"
"SOY:0000113"	"m14"
"SOY:0000114"	"m15"
"SOY:0000115"	"m16"
"SOY:0000116"	"m1-1"
"SOY:0000117"	"m2-1"
"SOY:0000118"	"m3-1"
"SOY:0000119"	"m4-1"
"SOY:0000120"	"m5-1"
"SOY:0000121"	"m6-1"
"SOY:0000122"	"m7-1"
"SOY:0000123"	"m8-1"
"SOY:0000124"	"m9-1"
"SOY:0000125"	"m10-1"
"SOY:0000126"	"m11-1"
"SOY:0000127"	"m12-1"
"SOY:0000128"	"m13-1"
"SOY:0000129"	"m14-1"
"SOY:0000130"	"m15-1"
"SOY:0000131"	"m16-1"
"SOY:0000132"	"m1-2"
"SOY:0000133"	"m2-2"
"SOY:0000134"	"m4-2"
"SOY:0000135"	"m5-2"
"SOY:0000136"	"m6-2"
"SOY:0000137"	"m7-2"
"SOY:0000138"	"m8-2"
"SOY:0000139"	"m10-2"
"SOY:0000140"	"m11-2"
"SOY:0000141"	"m12-2"
"SOY:0000142"	"m13-2"
"SOY:0000143"	"m14-2"
"SOY:0000144"	"m15-2"
"SOY:0000145"	"m16-2"
"SOY:0000146"	"m1-3"
"SOY:0000147"	"m2-3"
"SOY:0000148"	"m3-3"
"SOY:0000149"	"m7-3"
"SOY:0000150"	"m8-3"
"SOY:0000151"	"m9-3"
"SOY:0000152"	"m10-3"
"SOY:0000153"	"m11-3"
"SOY:0000154"	"m12-3"
"SOY:0000155"	"m13-3"
"SOY:0000156"	"m14-3"
"SOY:0000157"	"m15-3"
"SOY:0000158"	"m16-3"
"SOY:0000159"	"m1-4"
"SOY:0000160"	"m2-4"
"SOY:0000161"	"m3-4"
"SOY:0000162"	"m4-4"
"SOY:0000163"	"m5-4"
"SOY:0000164"	"m6-4"
"SOY:0000165"	"m7-4"
"SOY:0000166"	"m8-4"
"SOY:0000167"	"m9-4"
"SOY:0000168"	"m10-4"
"SOY:0000169"	"m11-4"
"SOY:0000170"	"m12-4"
"SOY:0000171"	"m13-4"
"SOY:0000172"	"m14-4"
"SOY:0000173"	"m15-4"
"SOY:0000174"	"m16-4"
"SOY:0000175"	"m1-F0"
"SOY:0000176"	"m2-F0"
"SOY:0000177"	"m3-F0"
"SOY:0000178"	"m4-F0"
"SOY:0000179"	"m5-F0"
"SOY:0000180"	"m6-F0"
"SOY:0000181"	"m7-F0"
"SOY:0000182"	"m8-F0"
"SOY:0000183"	"m9-F0"
"SOY:0000184"	"m10-F0"
"SOY:0000185"	"m11-F0"
"SOY:0000186"	"m12-F0"
"SOY:0000187"	"m13-F0"
"SOY:0000188"	"m14-F0"
"SOY:0000189"	"m15-F0"
"SOY:0000190"	"m16-F0"
"SOY:0000191"	"m1-F1"
"SOY:0000192"	"m2-F1"
"SOY:0000193"	"m3-F1"
"SOY:0000194"	"m4-F1"
"SOY:0000195"	"m5-F1"
"SOY:0000196"	"m6-F1"
"SOY:0000197"	"m7-F1"
"SOY:0000198"	"m8-F1"
"SOY:0000199"	"m9-F1"
"SOY:0000200"	"m10-F1"
"SOY:0000201"	"m11-F1"
"SOY:0000202"	"m12-F1"
"SOY:0000203"	"m6-F3.1"
"SOY:0000204"	"m13-F1"
"SOY:0000205"	"m14-F1"
"SOY:0000206"	"m15-F1"
"SOY:0000207"	"m16-F1"
"SOY:0000208"	"m1-F2"
"SOY:0000209"	"m2-F2"
"SOY:0000210"	"m3-F2"
"SOY:0000211"	"m4-F2"
"SOY:0000212"	"m5-F2"
"SOY:0000213"	"m6-F2"
"SOY:0000214"	"m7-F2"
"SOY:0000215"	"m8-F2"
"SOY:0000216"	"m9-F2"
"SOY:0000217"	"m10-F2"
"SOY:0000218"	"m11-F2"
"SOY:0000219"	"m12-F2"
"SOY:0000220"	"m13-F2"
"SOY:0000221"	"m14-F2"
"SOY:0000222"	"m15-F2"
"SOY:0000223"	"m16-F2"
"SOY:0000224"	"m1-F3"
"SOY:0000225"	"m2-F3"
"SOY:0000226"	"m3-F3"
"SOY:0000227"	"m4-F3"
"SOY:0000228"	"m5-F3"
"SOY:0000229"	"m6-F3"
"SOY:0000230"	"m7-F3"
"SOY:0000231"	"m8-F3"
"SOY:0000232"	"m9-F3"
"SOY:0000233"	"m10-F3"
"SOY:0000234"	"m11-F3"
"SOY:0000235"	"m12-F3"
"SOY:0000236"	"m13-F3"
"SOY:0000237"	"m14-F3"
"SOY:0000238"	"m15-F3"
"SOY:0000239"	"m16-F3"
"SOY:0000240"	"Main Stem Structures"
"SOY:0000241"	"Axillary Shoot Metamers"
"SOY:0000242"	"Axillary Inflorescence Structures"
"SOY:0000243"	"Main Stem Metamers"
"SOY:0000244"	"Main Stem Inflorescences"
"SOY:0000245"	"m0"
"SOY:0000246"	"Axillary Shoot Structures"
"SOY:0000247"	"Leaf Developmental Stages"
"SOY:0000248"	"0.1 Bud Break"
"SOY:0000249"	"0.2 Blades Visible"
"SOY:0000250"	"0.3 leaflets Visible"
"SOY:0000251"	"0.4 Leaflets Unfurled"
"SOY:0000252"	"0.5 Leaflets Partially Open"
"SOY:0000253"	"0.6 Leaflets Half Open"
"SOY:0000254"	"0.7 Leaflets Fully Open"
"SOY:0000255"	"0.8 Leaflets Mature Size"
"SOY:0000256"	"0.9 Leaflets Senescent"
"SOY:0000257"	"Pod Developmental Stages"
"SOY:0000258"	"Pod Just Visible"
"SOY:0000259"	"m1.1"
"SOY:0000260"	"m1.2"
"SOY:0000261"	"m1.3"
"SOY:0000262"	"m1.4"
"SOY:0000263"	"m1.5"
"SOY:0000264"	"m1.6"
"SOY:0000265"	"m1.7"
"SOY:0000266"	"m1.8"
"SOY:0000267"	"m1.9"
"SOY:0000268"	"m10.1"
"SOY:0000269"	"m10.2"
"SOY:0000270"	"m10.3"
"SOY:0000271"	"m10.4"
"SOY:0000272"	"m10.5"
"SOY:0000273"	"m10.6"
"SOY:0000274"	"m10.7"
"SOY:0000275"	"m10.8"
"SOY:0000276"	"m10.9"
"SOY:0000277"	"m11.1"
"SOY:0000278"	"m11.2"
"SOY:0000279"	"m11.3"
"SOY:0000280"	"m11.4"
"SOY:0000281"	"m11.5"
"SOY:0000282"	"m11.6"
"SOY:0000283"	"m11.7"
"SOY:0000284"	"m11.8"
"SOY:0000285"	"m11.9"
"SOY:0000286"	"m12.1"
"SOY:0000287"	"m12.2"
"SOY:0000288"	"m12.3"
"SOY:0000289"	"m12.4"
"SOY:0000290"	"m12.5"
"SOY:0000291"	"m12.6"
"SOY:0000292"	"m12.7"
"SOY:0000293"	"m12.8"
"SOY:0000294"	"m12.9"
"SOY:0000295"	"m13.1"
"SOY:0000296"	"m13.2"
"SOY:0000297"	"m13.3"
"SOY:0000298"	"m13.4"
"SOY:0000299"	"m13.5"
"SOY:0000300"	"m13.6"
"SOY:0000301"	"m13.7"
"SOY:0000302"	"m13.8"
"SOY:0000303"	"m13.9"
"SOY:0000304"	"m14.1"
"SOY:0000305"	"m14.2"
"SOY:0000306"	"m14.3"
"SOY:0000307"	"m14.4"
"SOY:0000308"	"m14.5"
"SOY:0000309"	"m14.6"
"SOY:0000310"	"m14.7"
"SOY:0000311"	"m14.8"
"SOY:0000312"	"m14.9"
"SOY:0000313"	"m15.1"
"SOY:0000314"	"m15.2"
"SOY:0000315"	"m15.3"
"SOY:0000316"	"m15.4"
"SOY:0000317"	"m15.5"
"SOY:0000318"	"m15.6"
"SOY:0000319"	"m15.7"
"SOY:0000320"	"m15.8"
"SOY:0000321"	"m15.9"
"SOY:0000322"	"m16.1"
"SOY:0000323"	"m16.2"
"SOY:0000324"	"m16.3"
"SOY:0000325"	"m16.4"
"SOY:0000326"	"m16.5"
"SOY:0000327"	"m16.6"
"SOY:0000328"	"m16.7"
"SOY:0000329"	"m16.8"
"SOY:0000330"	"m16.9"
"SOY:0000331"	"m2.1"
"SOY:0000332"	"m2.2"
"SOY:0000333"	"m2.3"
"SOY:0000334"	"m2.4"
"SOY:0000335"	"m2.5"
"SOY:0000336"	"m2.6"
"SOY:0000337"	"m2.7"
"SOY:0000338"	"m2.8"
"SOY:0000339"	"m2.9"
"SOY:0000340"	"m3.1"
"SOY:0000341"	"m3.2"
"SOY:0000342"	"m3.3"
"SOY:0000343"	"m3.4"
"SOY:0000344"	"m3.5"
"SOY:0000345"	"m3.6"
"SOY:0000346"	"m3.7"
"SOY:0000347"	"m3.8"
"SOY:0000348"	"m3.9"
"SOY:0000349"	"m4.1"
"SOY:0000350"	"m4.2"
"SOY:0000351"	"m4.3"
"SOY:0000352"	"m4.4"
"SOY:0000353"	"m4.5"
"SOY:0000354"	"m4.6"
"SOY:0000355"	"m4.7"
"SOY:0000356"	"m4.8"
"SOY:0000357"	"m4.9"
"SOY:0000358"	"m5.1"
"SOY:0000359"	"m5.2"
"SOY:0000360"	"m5.3"
"SOY:0000361"	"m5.4"
"SOY:0000362"	"m5.5"
"SOY:0000363"	"m5.6"
"SOY:0000364"	"m5.7"
"SOY:0000365"	"m5.8"
"SOY:0000366"	"m5.9"
"SOY:0000367"	"m6.1"
"SOY:0000368"	"m6.2"
"SOY:0000369"	"m6.3"
"SOY:0000370"	"m6.4"
"SOY:0000371"	"m6.5"
"SOY:0000372"	"m6.6"
"SOY:0000373"	"m6.7"
"SOY:0000374"	"m6.8"
"SOY:0000375"	"m6.9"
"SOY:0000376"	"m7.1"
"SOY:0000377"	"m7.2"
"SOY:0000378"	"m7.3"
"SOY:0000379"	"m7.4"
"SOY:0000380"	"m7.5"
"SOY:0000381"	"m7.6"
"SOY:0000382"	"m7.7"
"SOY:0000383"	"m7.8"
"SOY:0000384"	"m7.9"
"SOY:0000385"	"m8.1"
"SOY:0000386"	"m8.2"
"SOY:0000387"	"m8.3"
"SOY:0000388"	"m8.4"
"SOY:0000389"	"m8.5"
"SOY:0000390"	"m8.6"
"SOY:0000391"	"m8.7"
"SOY:0000392"	"m8.8"
"SOY:0000393"	"m8.9"
"SOY:0000394"	"m9.1"
"SOY:0000395"	"m9.2"
"SOY:0000396"	"m9.3"
"SOY:0000397"	"m9.4"
"SOY:0000398"	"m9.5"
"SOY:0000399"	"m9.6"
"SOY:0000400"	"m9.7"
"SOY:0000401"	"m9.8"
"SOY:0000402"	"m9.9"
"SOY:0000403"	"m1-F0.1"
"SOY:0000404"	"m1-F0.2"
"SOY:0000405"	"m1-F0.3"
"SOY:0000406"	"m1-F0.4"
"SOY:0000407"	"m1-F0.5"
"SOY:0000408"	"m1-F0.6"
"SOY:0000409"	"m1-F0.7"
"SOY:0000410"	"m1-F0.8"
"SOY:0000411"	"m1-F0.9"
"SOY:0000412"	"m2-F0.1"
"SOY:0000413"	"m2-F0.2"
"SOY:0000414"	"m2-F0.3"
"SOY:0000415"	"m2-F0.4"
"SOY:0000416"	"m2-F0.5"
"SOY:0000417"	"m2-F0.6"
"SOY:0000418"	"m2-F0.7"
"SOY:0000419"	"m2-F0.8"
"SOY:0000420"	"m2-F0.9"
"SOY:0000421"	"m3-F0.1"
"SOY:0000422"	"m3-F0.2"
"SOY:0000423"	"m3-F0.3"
"SOY:0000424"	"m3-F0.4"
"SOY:0000425"	"m3-F0.5"
"SOY:0000426"	"m3-F0.6"
"SOY:0000427"	"m3-F0.7"
"SOY:0000428"	"m3-F0.8"
"SOY:0000429"	"m3-F0.9"
"SOY:0000430"	"m4-F0.1"
"SOY:0000431"	"m4-F0.2"
"SOY:0000432"	"m4-F0.3"
"SOY:0000433"	"m4-F0.4"
"SOY:0000434"	"m4-F0.5"
"SOY:0000435"	"m4-F0.6"
"SOY:0000436"	"m4-F0.7"
"SOY:0000437"	"m4-F0.8"
"SOY:0000438"	"m4-F0.9"
"SOY:0000439"	"m5-F0.1"
"SOY:0000440"	"m5-F0.2"
"SOY:0000441"	"m5-F0.3"
"SOY:0000442"	"m5-F0.4"
"SOY:0000443"	"m5-F0.5"
"SOY:0000444"	"m5-F0.6"
"SOY:0000445"	"m3-2"
"SOY:0000446"	"m5-F0.7"
"SOY:0000447"	"m5-F0.8"
"SOY:0000448"	"m5-F0.9"
"SOY:0000449"	"m6-F0.1"
"SOY:0000450"	"m6-F0.2"
"SOY:0000451"	"m6-F0.3"
"SOY:0000452"	"m6-F0.4"
"SOY:0000453"	"m6-F0.5"
"SOY:0000454"	"m6-F0.6"
"SOY:0000455"	"m6-F0.7"
"SOY:0000456"	"m6-F0.8"
"SOY:0000457"	"m6-F0.9"
"SOY:0000458"	"m7-F0.1"
"SOY:0000459"	"m7-F0.2"
"SOY:0000460"	"m7-F0.3"
"SOY:0000461"	"m7-F0.4"
"SOY:0000462"	"m7-F0.5"
"SOY:0000463"	"m7-F0.6"
"SOY:0000464"	"m7-F0.7"
"SOY:0000465"	"m7-F0.8"
"SOY:0000466"	"m7-F0.9"
"SOY:0000467"	"m8-F0.1"
"SOY:0000468"	"m8-F0.2"
"SOY:0000469"	"m8-F0.3"
"SOY:0000470"	"m8-F0.4"
"SOY:0000471"	"m8-F0.5"
"SOY:0000472"	"m8-F0.6"
"SOY:0000473"	"m8-F0.7"
"SOY:0000474"	"m8-F0.8"
"SOY:0000475"	"m8-F0.9"
"SOY:0000476"	"m9-F0.1"
"SOY:0000477"	"m9-F0.2"
"SOY:0000478"	"m9-F0.3"
"SOY:0000479"	"m9-F0.4"
"SOY:0000480"	"m9-F0.5"
"SOY:0000481"	"m9-F0.6"
"SOY:0000482"	"m9-F0.7"
"SOY:0000483"	"m9-F0.8"
"SOY:0000484"	"m9-F0.9"
"SOY:0000485"	"m10-F0.1"
"SOY:0000486"	"m10-F0.2"
"SOY:0000487"	"m10-F0.3"
"SOY:0000488"	"m10-F0.4"
"SOY:0000489"	"m10-F0.5"
"SOY:0000490"	"m10-F0.6"
"SOY:0000491"	"m10-F0.7"
"SOY:0000492"	"m10-F0.8"
"SOY:0000493"	"m10-F0.9"
"SOY:0000494"	"m11-F0.1"
"SOY:0000495"	"m11-F0.2"
"SOY:0000496"	"m11-F0.3"
"SOY:0000497"	"m11-F0.4"
"SOY:0000498"	"m11-F0.5"
"SOY:0000499"	"m11-F0.6"
"SOY:0000500"	"m11-F0.7"
"SOY:0000501"	"m11-F0.8"
"SOY:0000502"	"m11-F0.9"
"SOY:0000503"	"m12-F0.1"
"SOY:0000504"	"m12-F0.2"
"SOY:0000505"	"m12-F0.3"
"SOY:0000506"	"m9-2"
"SOY:0000507"	"m12-F0.4"
"SOY:0000508"	"m12-F0.5"
"SOY:0000509"	"m12-F0.6"
"SOY:0000510"	"m12-F0.7"
"SOY:0000511"	"m12-F0.8"
"SOY:0000512"	"m12-F0.9"
"SOY:0000513"	"m13-F0.1"
"SOY:0000514"	"m13-F0.2"
"SOY:0000515"	"m13-F0.3"
"SOY:0000516"	"m13-F0.4"
"SOY:0000517"	"m13-F0.5"
"SOY:0000518"	"m13-F0.6"
"SOY:0000519"	"m13-F0.7"
"SOY:0000520"	"m13-F0.8"
"SOY:0000521"	"m13-F0.9"
"SOY:0000522"	"m14-F0.1"
"SOY:0000523"	"m14-F0.2"
"SOY:0000524"	"m14-F0.3"
"SOY:0000525"	"m14-F0.4"
"SOY:0000526"	"m14-F0.5"
"SOY:0000527"	"m14-F0.6"
"SOY:0000528"	"m14-F0.7"
"SOY:0000529"	"m14-F0.8"
"SOY:0000530"	"m14-F0.9"
"SOY:0000531"	"m15-F0.1"
"SOY:0000532"	"m15-F0.2"
"SOY:0000533"	"m15-F0.3"
"SOY:0000534"	"m15-F0.4"
"SOY:0000535"	"m15-F0.5"
"SOY:0000536"	"m15-F0.6"
"SOY:0000537"	"m15-F0.7"
"SOY:0000538"	"m15-F0.8"
"SOY:0000539"	"m15-F0.9"
"SOY:0000540"	"m16-F0.1"
"SOY:0000541"	"m16-F0.2"
"SOY:0000542"	"m16-F0.3"
"SOY:0000543"	"m16-F0.4"
"SOY:0000544"	"m16-F0.5"
"SOY:0000545"	"m16-F0.6"
"SOY:0000546"	"m16-F0.7"
"SOY:0000547"	"m16-F0.8"
"SOY:0000548"	"m16-F0.9"
"SOY:0000549"	"m1-1.1"
"SOY:0000550"	"m1-1.2"
"SOY:0000551"	"m1-1.3"
"SOY:0000552"	"m1-1.4"
"SOY:0000553"	"m1-1.5"
"SOY:0000554"	"m1-1.6"
"SOY:0000555"	"m1-1.7"
"SOY:0000556"	"m1-1.8"
"SOY:0000557"	"m1-1.9"
"SOY:0000558"	"m1-2.1"
"SOY:0000559"	"m1-2.2"
"SOY:0000560"	"m1-2.3"
"SOY:0000561"	"m1-2.4"
"SOY:0000562"	"m1-2.5"
"SOY:0000563"	"m1-2.6"
"SOY:0000564"	"m1-2.7"
"SOY:0000565"	"m1-2.8"
"SOY:0000566"	"m1-2.9"
"SOY:0000567"	"m1-3.1"
"SOY:0000568"	"m1-3.2"
"SOY:0000569"	"m1-3.3"
"SOY:0000570"	"m1-3.4"
"SOY:0000571"	"m1-3.5"
"SOY:0000572"	"m1-3.6"
"SOY:0000573"	"m1-3.7"
"SOY:0000574"	"m1-3.8"
"SOY:0000575"	"m1-3.9"
"SOY:0000576"	"m1-F1.1"
"SOY:0000577"	"m1-F1.2"
"SOY:0000578"	"m1-F1.3"
"SOY:0000579"	"m1-F1.4"
"SOY:0000580"	"m1-F1.5"
"SOY:0000581"	"m1-F1.6"
"SOY:0000582"	"m1-F1.7"
"SOY:0000583"	"m1-F1.8"
"SOY:0000584"	"m1-F1.9"
"SOY:0000585"	"m1-F2.1"
"SOY:0000586"	"m1-F2.2"
"SOY:0000587"	"m1-F2.3"
"SOY:0000588"	"m1-F2.4"
"SOY:0000589"	"m1-F2.5"
"SOY:0000590"	"m1-F2.6"
"SOY:0000591"	"m1-F2.7"
"SOY:0000592"	"m1.F2.8"
"SOY:0000593"	"m1-F2.9"
"SOY:0000594"	"m1-F3.1"
"SOY:0000595"	"m1-F3.2"
"SOY:0000596"	"m1-F3.3"
"SOY:0000597"	"m1-F3.4"
"SOY:0000598"	"m1-F3.5"
"SOY:0000599"	"m1-F3.6"
"SOY:0000600"	"m1-F3.7"
"SOY:0000601"	"m1-F3.8"
"SOY:0000602"	"m1-F3.9"
"SOY:0000603"	"m10-F1.1"
"SOY:0000604"	"m10-F1.2"
"SOY:0000605"	"m10-F1.3"
"SOY:0000606"	"m10-F1.4"
"SOY:0000607"	"m10-F1.5"
"SOY:0000608"	"m10-F1.6"
"SOY:0000609"	"m10-F1.7"
"SOY:0000610"	"m10-F1.8"
"SOY:0000611"	"m10-F1.9"
"SOY:0000612"	"m10-F2.1"
"SOY:0000613"	"m10-F2.2"
"SOY:0000614"	"m10-F2.3"
"SOY:0000615"	"m10-F2.4"
"SOY:0000616"	"m10-F2.5"
"SOY:0000617"	"m4-3"
"SOY:0000618"	"m10-F2.6"
"SOY:0000619"	"m10-F2.7"
"SOY:0000620"	"m10-F2.8"
"SOY:0000621"	"m10-F2.9"
"SOY:0000622"	"m10-F3.1"
"SOY:0000623"	"m10-F3.2"
"SOY:0000624"	"m10-F3.3"
"SOY:0000625"	"m10-F3.4"
"SOY:0000626"	"m10-F3.5"
"SOY:0000627"	"m10-F3.6"
"SOY:0000628"	"m5-3"
"SOY:0000629"	"m10-F3.7"
"SOY:0000630"	"m10-F3.8"
"SOY:0000631"	"m10-F3.9"
"SOY:0000632"	"m11-F1.1"
"SOY:0000633"	"m11-F1.2"
"SOY:0000634"	"m11-F1.3"
"SOY:0000635"	"m11-F1.4"
"SOY:0000636"	"m11-F1.5"
"SOY:0000637"	"m11-F1.6"
"SOY:0000638"	"m11-F1.7"
"SOY:0000639"	"m6-3"
"SOY:0000640"	"m11-F1.8"
"SOY:0000641"	"m11-F1.9"
"SOY:0000642"	"m11-F2.1"
"SOY:0000643"	"m11-F2.2"
"SOY:0000644"	"m11-F2.3"
"SOY:0000645"	"m11-F2.4"
"SOY:0000646"	"m11-F2.5"
"SOY:0000647"	"m11-F2.6"
"SOY:0000648"	"m11-F2.7"
"SOY:0000649"	"m11-F2.8"
"SOY:0000650"	"m11-F2.9"
"SOY:0000651"	"m11-F3.1"
"SOY:0000652"	"m11-F3.2"
"SOY:0000653"	"m11-F3.3"
"SOY:0000654"	"m11-F3.4"
"SOY:0000655"	"m11-F3.5"
"SOY:0000656"	"m11-F3.6"
"SOY:0000657"	"m11-F3.7"
"SOY:0000658"	"m11-F3.8"
"SOY:0000659"	"m11-F3.9"
"SOY:0000660"	"m12-F1.1"
"SOY:0000661"	"m12-F1.2"
"SOY:0000662"	"m12-F1.3"
"SOY:0000663"	"m12-F1.4"
"SOY:0000664"	"m12-F1.5"
"SOY:0000665"	"m12-F1.6"
"SOY:0000666"	"m12-F1.7"
"SOY:0000667"	"m12-F1.8"
"SOY:0000668"	"m12-F1.9"
"SOY:0000669"	"m12-F2.1"
"SOY:0000670"	"m12-F2.2"
"SOY:0000671"	"m12-F2.3"
"SOY:0000672"	"m12-F2.4"
"SOY:0000673"	"m12-F2.5"
"SOY:0000674"	"m12-F2.6"
"SOY:0000675"	"m12-F2.7"
"SOY:0000676"	"m12-F2.8"
"SOY:0000677"	"m12-F2.9"
"SOY:0000678"	"m12-F3.1"
"SOY:0000679"	"m12-F3.2"
"SOY:0000680"	"m12-F3.3"
"SOY:0000681"	"m12-F3.4"
"SOY:0000682"	"m12-F3.5"
"SOY:0000683"	"m12-F3.6"
"SOY:0000684"	"m12-F3.7"
"SOY:0000685"	"m12-F3.8"
"SOY:0000686"	"m12-F3.9"
"SOY:0000687"	"m13-F1.1"
"SOY:0000688"	"m13-F1.2"
"SOY:0000689"	"m13-F1.3"
"SOY:0000690"	"m13-F1.4"
"SOY:0000691"	"m13-F1.5"
"SOY:0000692"	"m13-F1.6"
"SOY:0000693"	"m13-F1.7"
"SOY:0000694"	"m13-F1.8"
"SOY:0000695"	"m13-F1.9"
"SOY:0000696"	"m13-F2.1"
"SOY:0000697"	"m13-F2.2"
"SOY:0000698"	"m13-F2.3"
"SOY:0000699"	"m13-F2.4"
"SOY:0000700"	"m13-F2.5"
"SOY:0000701"	"m13-F2.6"
"SOY:0000702"	"m13-F2.7"
"SOY:0000703"	"m13-F2.8"
"SOY:0000704"	"m13-F2.9"
"SOY:0000705"	"m13-F3.1"
"SOY:0000706"	"m13-F3.2"
"SOY:0000707"	"m13-F3.3"
"SOY:0000708"	"m13-F3.4"
"SOY:0000709"	"m13-F3.5"
"SOY:0000710"	"m13-F3.6"
"SOY:0000711"	"m13-F3.7"
"SOY:0000712"	"m13-F3.8"
"SOY:0000713"	"m13-F3.9"
"SOY:0000714"	"m14-F1.1"
"SOY:0000715"	"m14-F1.2"
"SOY:0000716"	"m14-F1.3"
"SOY:0000717"	"m14-F1.4"
"SOY:0000718"	"m14-F1.5"
"SOY:0000719"	"m14-F1.6"
"SOY:0000720"	"m14-F1.7"
"SOY:0000721"	"m14-F1.8"
"SOY:0000722"	"m14-F1.9"
"SOY:0000723"	"m14-F2.1"
"SOY:0000724"	"m14-F2.2"
"SOY:0000725"	"m14-F2.3"
"SOY:0000726"	"m14-F2.4"
"SOY:0000727"	"m14-F2.5"
"SOY:0000728"	"m14-F2.6"
"SOY:0000729"	"m14-F2.7"
"SOY:0000730"	"m14-F2.8"
"SOY:0000731"	"m14-F2.9"
"SOY:0000732"	"m14-F3.1"
"SOY:0000733"	"m14-F3.2"
"SOY:0000734"	"m14-F3.3"
"SOY:0000735"	"m14-F3.4"
"SOY:0000736"	"m14-F3.5"
"SOY:0000737"	"m14-F3.6"
"SOY:0000738"	"m14-F3.7"
"SOY:0000739"	"m14-F3.8"
"SOY:0000740"	"m14-F3.9"
"SOY:0000741"	"m15-F1.1"
"SOY:0000742"	"m15-F1.2"
"SOY:0000743"	"m15-F1.3"
"SOY:0000744"	"m15-F1.4"
"SOY:0000745"	"m15-F1.5"
"SOY:0000746"	"m15-F1.6"
"SOY:0000747"	"m15-F1.7"
"SOY:0000748"	"m15-F1.8"
"SOY:0000749"	"m15-F1.9"
"SOY:0000750"	"m15-F2.1"
"SOY:0000751"	"m15-F2.2"
"SOY:0000752"	"m15-F2.3"
"SOY:0000753"	"m15-F2.4"
"SOY:0000754"	"m15-F2.5"
"SOY:0000755"	"m15-F2.6"
"SOY:0000756"	"m15-F2.7"
"SOY:0000757"	"m15-F2.8"
"SOY:0000758"	"m15-F2.9"
"SOY:0000759"	"m15-F3.1"
"SOY:0000760"	"m15-F3.2"
"SOY:0000761"	"m15-F3.3"
"SOY:0000762"	"m15-F3.4"
"SOY:0000763"	"m15-F3.5"
"SOY:0000764"	"m15-F3.6"
"SOY:0000765"	"m15-F3.7"
"SOY:0000766"	"m15-F3.8"
"SOY:0000767"	"m15-F3.9"
"SOY:0000768"	"m16-F1.1"
"SOY:0000769"	"m16-F1.2"
"SOY:0000770"	"m16-F1.3"
"SOY:0000771"	"m16-F1.4"
"SOY:0000772"	"m16-F1.5"
"SOY:0000773"	"m16-F1.6"
"SOY:0000774"	"m16-F1.7"
"SOY:0000775"	"m16-F1.8"
"SOY:0000776"	"m16-F1.9"
"SOY:0000777"	"m16-F2.1"
"SOY:0000778"	"m16-F2.2"
"SOY:0000779"	"m16-F2.3"
"SOY:0000780"	"m16-F2.4"
"SOY:0000781"	"m16-F2.5"
"SOY:0000782"	"m16-F2.6"
"SOY:0000783"	"m16-F2.7"
"SOY:0000784"	"m16-F2.8"
"SOY:0000785"	"m16-F2.9"
"SOY:0000786"	"m16-F3.1"
"SOY:0000787"	"m16-F3.2"
"SOY:0000788"	"m16-F3.3"
"SOY:0000789"	"m16-F3.4"
"SOY:0000790"	"m16-F3.5"
"SOY:0000791"	"m16-F3.6"
"SOY:0000792"	"m16-F3.7"
"SOY:0000793"	"m16-F3.8"
"SOY:0000794"	"m16-F3.9"
"SOY:0000795"	"m2-F1.1"
"SOY:0000796"	"m2-F1.2"
"SOY:0000797"	"m2-F1.3"
"SOY:0000798"	"m2-F1.4"
"SOY:0000799"	"m2-F1.5"
"SOY:0000800"	"m2-F1.6"
"SOY:0000801"	"m2-F1.7"
"SOY:0000802"	"m2-F1.8"
"SOY:0000803"	"m2-F1.9"
"SOY:0000804"	"m2-F2.1"
"SOY:0000805"	"m2-F2.2"
"SOY:0000806"	"m2-F2.3"
"SOY:0000807"	"m2-F2.4"
"SOY:0000808"	"m2-F2.5"
"SOY:0000809"	"m2-F2.6"
"SOY:0000810"	"m2-F2.7"
"SOY:0000811"	"m2-F2.8"
"SOY:0000812"	"m2-F2.9"
"SOY:0000813"	"m2-F3.1"
"SOY:0000814"	"m2-F3.2"
"SOY:0000815"	"m2-F3.3"
"SOY:0000816"	"m2-F3.4"
"SOY:0000817"	"m2-F3.5"
"SOY:0000818"	"m2-F3.6"
"SOY:0000819"	"m2-F3.7"
"SOY:0000820"	"m2-F3."
"SOY:0000821"	"m2-F3.8"
"SOY:0000822"	"m2-F3.9"
"SOY:0000823"	"m3-F1.1"
"SOY:0000824"	"m3-F1.2"
"SOY:0000825"	"m3-F1.3"
"SOY:0000826"	"m3-F1.4"
"SOY:0000827"	"m3-F1.5"
"SOY:0000828"	"m3-F1.6"
"SOY:0000829"	"m3-F1.7"
"SOY:0000830"	"m3-F1.8"
"SOY:0000831"	"m3-F1.9"
"SOY:0000832"	"m3-F2.1"
"SOY:0000833"	"m3-F2.2"
"SOY:0000834"	"m3-F2.3"
"SOY:0000835"	"m3-F2.4"
"SOY:0000836"	"m3-F2.5"
"SOY:0000837"	"m3-F2.6"
"SOY:0000838"	"m3-F2.7"
"SOY:0000839"	"m3-F2.8"
"SOY:0000840"	"m3-F2.9"
"SOY:0000841"	"m3-F3.1"
"SOY:0000842"	"m3-F3.2"
"SOY:0000843"	"m3-F3.3"
"SOY:0000844"	"m3-F3.4"
"SOY:0000845"	"m3-F3.5"
"SOY:0000846"	"m3-F3.6"
"SOY:0000847"	"m3-F3.7"
"SOY:0000848"	"m3-F3.8"
"SOY:0000849"	"m3-F3.9"
"SOY:0000850"	"m4-F1.1"
"SOY:0000851"	"m4-F1.2"
"SOY:0000852"	"m4-F1.3"
"SOY:0000853"	"m4-F1.4"
"SOY:0000854"	"m4-F1.5"
"SOY:0000855"	"m4-F1.6"
"SOY:0000856"	"m4-F1.7"
"SOY:0000857"	"m4-F1.8"
"SOY:0000858"	"m4-F1.9"
"SOY:0000859"	"m4-F2.1"
"SOY:0000860"	"m4-F2.2"
"SOY:0000861"	"m4-F2.3"
"SOY:0000862"	"m4-F2.4"
"SOY:0000863"	"m4-F2.5"
"SOY:0000864"	"m4-F2.6"
"SOY:0000865"	"m4-F2.7"
"SOY:0000866"	"m4-F2.8"
"SOY:0000867"	"m4-F2.9"
"SOY:0000868"	"m4-F3.1"
"SOY:0000869"	"m4-F3.2"
"SOY:0000870"	"m4-F3.3"
"SOY:0000871"	"m4-F3.4"
"SOY:0000872"	"m4-F3.5"
"SOY:0000873"	"m4-F3.6"
"SOY:0000874"	"m4-F3.7"
"SOY:0000875"	"m4-F3.8"
"SOY:0000876"	"m4-F3.9"
"SOY:0000877"	"m5-F1.1"
"SOY:0000878"	"m5-F1.2"
"SOY:0000879"	"m5-F1.3"
"SOY:0000880"	"m5-F1.4"
"SOY:0000881"	"m5-F1.5"
"SOY:0000882"	"m5-F1.6"
"SOY:0000883"	"m5-F1.7"
"SOY:0000884"	"m5-F1.8"
"SOY:0000885"	"m5-F1.9"
"SOY:0000886"	"m1-4.1"
"SOY:0000887"	"m1-4.2"
"SOY:0000888"	"m1-4.3"
"SOY:0000889"	"m1-4.4"
"SOY:0000890"	"m1-4.5"
"SOY:0000891"	"m1-4.6"
"SOY:0000892"	"m1-4.7"
"SOY:0000893"	"m1-4.8"
"SOY:0000894"	"m1-4.9"
"SOY:0000895"	"m10-1.1"
"SOY:0000896"	"m10-1.2"
"SOY:0000897"	"m10-1.3"
"SOY:0000898"	"m10-1.4"
"SOY:0000899"	"m10-1.5"
"SOY:0000900"	"m10-1.6"
"SOY:0000901"	"m10-1.7"
"SOY:0000902"	"m10-1.8"
"SOY:0000903"	"m10-1.9"
"SOY:0000904"	"m10-2.1"
"SOY:0000905"	"m10-2.2"
"SOY:0000906"	"m10-2.3"
"SOY:0000907"	"m10-2.4"
"SOY:0000908"	"m10-2.5"
"SOY:0000909"	"m10-2.6"
"SOY:0000910"	"m10-2.7"
"SOY:0000911"	"m10-2.8"
"SOY:0000912"	"m10-2.9"
"SOY:0000913"	"m10-3.1"
"SOY:0000914"	"m10-3.2"
"SOY:0000915"	"m10-3.3"
"SOY:0000916"	"m10-3.4"
"SOY:0000917"	"m10-3.5"
"SOY:0000918"	"m10-3.6"
"SOY:0000919"	"m10-3.7"
"SOY:0000920"	"m10-3.8"
"SOY:0000921"	"m10-3.9"
"SOY:0000922"	"m10-4.1"
"SOY:0000923"	"m10-4.2"
"SOY:0000924"	"m10-4.3"
"SOY:0000925"	"m10-4.4"
"SOY:0000926"	"m10-4.5"
"SOY:0000927"	"m10-4.6"
"SOY:0000928"	"m10-4.7"
"SOY:0000929"	"m10-4.8"
"SOY:0000930"	"m10-4.9"
"SOY:0000931"	"m11-1.1"
"SOY:0000932"	"m11-1.2"
"SOY:0000933"	"m11-1.3"
"SOY:0000934"	"m11-1.4"
"SOY:0000935"	"m11-1.5"
"SOY:0000936"	"m11-1.6"
"SOY:0000937"	"m11-1.7"
"SOY:0000938"	"m11-1.8"
"SOY:0000939"	"m11-1.9"
"SOY:0000940"	"m11-2.1"
"SOY:0000941"	"m11-2.2"
"SOY:0000942"	"m11-2.3"
"SOY:0000943"	"m11-2.4"
"SOY:0000944"	"m11-2.5"
"SOY:0000945"	"m11-2.6"
"SOY:0000946"	"m11-2.7"
"SOY:0000947"	"m11-2.8"
"SOY:0000948"	"m11-2.9"
"SOY:0000949"	"m11-3.1"
"SOY:0000950"	"m11-3.2"
"SOY:0000951"	"m11-3.3"
"SOY:0000952"	"m11-3.4"
"SOY:0000953"	"m11-3.5"
"SOY:0000954"	"m11-3.6"
"SOY:0000955"	"m11-3.7"
"SOY:0000956"	"m11-3.8"
"SOY:0000957"	"m11-3.9"
"SOY:0000958"	"m11-4.1"
"SOY:0000959"	"m11-4.2"
"SOY:0000960"	"m11-4.3"
"SOY:0000961"	"m11-4.4"
"SOY:0000962"	"m11-4.5"
"SOY:0000963"	"m11-4.6"
"SOY:0000964"	"m11-4.7"
"SOY:0000965"	"m11-4.8"
"SOY:0000966"	"m11-4.9"
"SOY:0000967"	"m12-1.1"
"SOY:0000968"	"m12-1.2"
"SOY:0000969"	"m12-1.3"
"SOY:0000970"	"m12-1.4"
"SOY:0000971"	"m12-1.5"
"SOY:0000972"	"m12-1.6"
"SOY:0000973"	"m12-1.7"
"SOY:0000974"	"m12-1.8"
"SOY:0000975"	"m12-1.9"
"SOY:0000976"	"m12-2.1"
"SOY:0000977"	"m12-2.2"
"SOY:0000978"	"m12-2.3"
"SOY:0000979"	"m12-2.4"
"SOY:0000980"	"m12-2.5"
"SOY:0000981"	"m12-2.6"
"SOY:0000982"	"m12-2.7"
"SOY:0000983"	"m12-2.8"
"SOY:0000984"	"m12-2.9"
"SOY:0000985"	"m12-3.1"
"SOY:0000986"	"m12-3.2"
"SOY:0000987"	"m12-3.3"
"SOY:0000988"	"m12-3.4"
"SOY:0000989"	"m12-3.5"
"SOY:0000990"	"m12-3.6"
"SOY:0000991"	"m12-3.7"
"SOY:0000992"	"m12-3.8"
"SOY:0000993"	"m12-3.9"
"SOY:0000994"	"m12-4.1"
"SOY:0000995"	"m12-4.2"
"SOY:0000996"	"m12-4.3"
"SOY:0000997"	"m12-4.4"
"SOY:0000998"	"m12-4.5"
"SOY:0000999"	"m12-4.6"
"SOY:0001000"	"m12-4.7"
"SOY:0001001"	"m12-4.8"
"SOY:0001002"	"m12-4.9"
"SOY:0001003"	"m13-1.1"
"SOY:0001004"	"m13-1.2"
"SOY:0001005"	"m13-1.3"
"SOY:0001006"	"m13-1.4"
"SOY:0001007"	"m13-1.5"
"SOY:0001008"	"m13-1.6"
"SOY:0001009"	"m13-1.7"
"SOY:0001010"	"m13-1.8"
"SOY:0001011"	"m13-1.9"
"SOY:0001012"	"m13-2.1"
"SOY:0001013"	"m13-2.2"
"SOY:0001014"	"m13-2.3"
"SOY:0001015"	"m13-2.4"
"SOY:0001016"	"m13-2.5"
"SOY:0001017"	"m13-2.6"
"SOY:0001018"	"m13-2.7"
"SOY:0001019"	"m13-2.8"
"SOY:0001020"	"m13-2.9"
"SOY:0001021"	"m13-3.1"
"SOY:0001022"	"m13-3.2"
"SOY:0001023"	"m13-3.3"
"SOY:0001024"	"m13-3.4"
"SOY:0001025"	"m13-3.5"
"SOY:0001026"	"m13-3.6"
"SOY:0001027"	"m13-3.7"
"SOY:0001028"	"m13-3.8"
"SOY:0001029"	"m13-3.9"
"SOY:0001030"	"m13-4.1"
"SOY:0001031"	"m13-4.2"
"SOY:0001032"	"m13-4.3"
"SOY:0001033"	"m13-4.4"
"SOY:0001034"	"m13-4.5"
"SOY:0001035"	"m13-4.6"
"SOY:0001036"	"m13-4.7"
"SOY:0001037"	"m13-4.8"
"SOY:0001038"	"m13-4.9"
"SOY:0001039"	"m14-1.1"
"SOY:0001040"	"m14-1.2"
"SOY:0001041"	"m14-1.3"
"SOY:0001042"	"m14-1.4"
"SOY:0001043"	"m14-1.5"
"SOY:0001044"	"m14-1.6"
"SOY:0001045"	"m14-1.7"
"SOY:0001046"	"m14-1.8"
"SOY:0001047"	"m14-1.9"
"SOY:0001048"	"m14-2.1"
"SOY:0001049"	"m14-2.2"
"SOY:0001050"	"m14-2.3"
"SOY:0001051"	"m14-2.4"
"SOY:0001052"	"m14-2.5"
"SOY:0001053"	"m14-2.6"
"SOY:0001054"	"m14-2.7"
"SOY:0001055"	"m14-2.8"
"SOY:0001056"	"m14-2.9"
"SOY:0001057"	"m14-3.1"
"SOY:0001058"	"m14-3.2"
"SOY:0001059"	"m14-3.3"
"SOY:0001060"	"m14-3.4"
"SOY:0001061"	"m14-3.5"
"SOY:0001062"	"m14-3.6"
"SOY:0001063"	"m14-3.7"
"SOY:0001064"	"m14-3.8"
"SOY:0001065"	"m14-3.9"
"SOY:0001066"	"m14-4.1"
"SOY:0001067"	"m14-4.2"
"SOY:0001068"	"m14-4.3"
"SOY:0001069"	"m14-4.4"
"SOY:0001070"	"m14-4.5"
"SOY:0001071"	"m14-4.6"
"SOY:0001072"	"m14-4.7"
"SOY:0001073"	"m14-4.8"
"SOY:0001074"	"m14-4.9"
"SOY:0001075"	"m15-1.1"
"SOY:0001076"	"m15-1.2"
"SOY:0001077"	"m15-1.3"
"SOY:0001078"	"m15-1.4"
"SOY:0001079"	"m15-1.5"
"SOY:0001080"	"m15-1.6"
"SOY:0001081"	"m15-1.7"
"SOY:0001082"	"m15-1.8"
"SOY:0001083"	"m15-1.9"
"SOY:0001084"	"m15-2.1"
"SOY:0001085"	"m15-2.2"
"SOY:0001086"	"m15-2.3"
"SOY:0001087"	"m15-2.4"
"SOY:0001088"	"m15-2.5"
"SOY:0001089"	"m15-2.6"
"SOY:0001090"	"m15-2.7"
"SOY:0001091"	"m15-2.8"
"SOY:0001092"	"m15-2.9"
"SOY:0001093"	"m15-3.1"
"SOY:0001094"	"m15-3.2"
"SOY:0001095"	"m15-3.3"
"SOY:0001096"	"m15-3.4"
"SOY:0001097"	"m15-3.5"
"SOY:0001098"	"m15-3.6"
"SOY:0001099"	"m15-3.7"
"SOY:0001100"	"m15-3.8"
"SOY:0001101"	"m15-3.9"
"SOY:0001102"	"m15-4.1"
"SOY:0001103"	"m15-4.2"
"SOY:0001104"	"m15-4.3"
"SOY:0001105"	"m15-4.4"
"SOY:0001106"	"m15-4.5"
"SOY:0001107"	"m15-4.6"
"SOY:0001108"	"m15-4.7"
"SOY:0001109"	"m15-4.8"
"SOY:0001110"	"m15-4.9"
"SOY:0001111"	"m16-1.1"
"SOY:0001112"	"m16-1.2"
"SOY:0001113"	"m16-1.3"
"SOY:0001114"	"m16-1.4"
"SOY:0001115"	"m16-1.5"
"SOY:0001116"	"m16-1.6"
"SOY:0001117"	"m16-1.7"
"SOY:0001118"	"m16-1.8"
"SOY:0001119"	"m16-1.9"
"SOY:0001120"	"m16-2.1"
"SOY:0001121"	"m16-2.2"
"SOY:0001122"	"m16-2.3"
"SOY:0001123"	"m16-2.4"
"SOY:0001124"	"m16-2.5"
"SOY:0001125"	"m16-2.6"
"SOY:0001126"	"m16-2.7"
"SOY:0001127"	"m16-2.8"
"SOY:0001128"	"m16-2.9"
"SOY:0001129"	"m16-3.1"
"SOY:0001130"	"m16-3.2"
"SOY:0001131"	"m16-3.3"
"SOY:0001132"	"m16-3.4"
"SOY:0001133"	"m16-3.5"
"SOY:0001134"	"m16-3.6"
"SOY:0001135"	"m16-3.7"
"SOY:0001136"	"m16-3.8"
"SOY:0001137"	"m16-3.9"
"SOY:0001138"	"m16-4.1"
"SOY:0001139"	"m16-4.2"
"SOY:0001140"	"m16-4.3"
"SOY:0001141"	"m16-4.4"
"SOY:0001142"	"m16-4.5"
"SOY:0001143"	"m16-4.6"
"SOY:0001144"	"m16-4.7"
"SOY:0001145"	"m16-4.8"
"SOY:0001146"	"m16-4.9"
"SOY:0001147"	"m5-F2.1"
"SOY:0001148"	"m5-F2.2"
"SOY:0001149"	"m5-F2.3"
"SOY:0001150"	"m5-F2.4"
"SOY:0001151"	"m5-F2.5"
"SOY:0001152"	"m5-F2.6"
"SOY:0001153"	"m5-F2.7"
"SOY:0001154"	"m5-F2.8"
"SOY:0001155"	"m5-F2.9"
"SOY:0001156"	"m5-F3.1"
"SOY:0001157"	"m5-F3.2"
"SOY:0001158"	"m5-F3.3"
"SOY:0001159"	"m5-F3.4"
"SOY:0001160"	"m5-F3.5"
"SOY:0001161"	"m5-F3.6"
"SOY:0001162"	"m5-F3.7"
"SOY:0001163"	"m5-F3.8"
"SOY:0001164"	"m5-F3.9"
"SOY:0001165"	"m6-F1.1"
"SOY:0001166"	"m6-F1.2"
"SOY:0001167"	"m6-F1.3"
"SOY:0001168"	"m6-F1.4"
"SOY:0001169"	"m6-F1.5"
"SOY:0001170"	"m6-F1.6"
"SOY:0001171"	"m6-F1.7"
"SOY:0001172"	"m6-F1.8"
"SOY:0001173"	"m6-F1.9"
"SOY:0001174"	"m6-F2.1"
"SOY:0001175"	"m6-F2.2"
"SOY:0001176"	"m6-F2.3"
"SOY:0001177"	"m6-F2.4"
"SOY:0001178"	"m6-F2.5"
"SOY:0001179"	"m6-F2.6"
"SOY:0001180"	"m6-F2.7"
"SOY:0001181"	"m6-F2.8"
"SOY:0001182"	"m6-F2.9"
"SOY:0001183"	"Root Structures"
"SOY:0001184"	"m6-F3.2"
"SOY:0001185"	"m6-F3.3"
"SOY:0001186"	"m6-F3.4"
"SOY:0001187"	"m6-F3.5"
"SOY:0001188"	"m6-F3.6"
"SOY:0001189"	"m6-F3.7"
"SOY:0001190"	"m6-F3.8"
"SOY:0001191"	"m6-F3.9"
"SOY:0001192"	"m7-F1.1"
"SOY:0001193"	"m7-F1.2"
"SOY:0001194"	"m7-F1.3"
"SOY:0001195"	"m7-F1.4"
"SOY:0001196"	"m7-F1.5"
"SOY:0001197"	"m7-F1.6"
"SOY:0001198"	"m7-F1.7"
"SOY:0001199"	"m7-F1.8"
"SOY:0001200"	"m7-F1.9"
"SOY:0001201"	"m7-F2.1"
"SOY:0001202"	"m7-F2.2"
"SOY:0001203"	"m7-F2.3"
"SOY:0001204"	"m7-F2.4"
"SOY:0001205"	"m7-F2.5"
"SOY:0001206"	"m7-F2.6"
"SOY:0001207"	"m7-F2.7"
"SOY:0001208"	"m7-F2.8"
"SOY:0001209"	"m7-F2.9"
"SOY:0001210"	"m7-F3.1"
"SOY:0001211"	"m7-F3.2"
"SOY:0001212"	"m7-F3.3"
"SOY:0001213"	"m7-F3.4"
"SOY:0001214"	"m7-F3.5"
"SOY:0001215"	"m7-F3.6"
"SOY:0001216"	"m7-F3.7"
"SOY:0001217"	"m7-F3.8"
"SOY:0001218"	"m7-F3.9"
"SOY:0001219"	"m8-F1.1"
"SOY:0001220"	"m8-F1.2"
"SOY:0001221"	"m8-F1.3"
"SOY:0001222"	"m8-F1.4"
"SOY:0001223"	"m8-F1.5"
"SOY:0001224"	"m8-F1.6"
"SOY:0001225"	"m8-F1.7"
"SOY:0001226"	"m8-F1.8"
"SOY:0001227"	"m8-F1.9"
"SOY:0001228"	"m8-F2.1"
"SOY:0001229"	"m8-F2.2"
"SOY:0001230"	"m8-F2.3"
"SOY:0001231"	"m8-F2.4"
"SOY:0001232"	"m8-F2.5"
"SOY:0001233"	"m8-F2.6"
"SOY:0001234"	"m8-F2.7"
"SOY:0001235"	"m8-F2.8"
"SOY:0001236"	"m8-F2.9"
"SOY:0001237"	"m8-F3.1"
"SOY:0001238"	"m8-F3.2"
"SOY:0001239"	"m8-F3.3"
"SOY:0001240"	"m8-F3.4"
"SOY:0001241"	"m8-F3.5"
"SOY:0001242"	"m8-F3.6"
"SOY:0001243"	"m8-F3.7"
"SOY:0001244"	"m8-F3.8"
"SOY:0001245"	"m8-F3.9"
"SOY:0001246"	"m9-F1.1"
"SOY:0001247"	"m9-F1.2"
"SOY:0001248"	"m9-F1.3"
"SOY:0001249"	"m9-F1.4"
"SOY:0001250"	"m9-F1.5"
"SOY:0001251"	"m9-F1.6"
"SOY:0001252"	"m9-F1.7"
"SOY:0001253"	"m9-F1.8"
"SOY:0001254"	"m9-F1.9"
"SOY:0001255"	"m9-F2.1"
"SOY:0001256"	"m9-F2.2"
"SOY:0001257"	"m9-F2.3"
"SOY:0001258"	"m9-F2.4"
"SOY:0001259"	"m9-F2.5"
"SOY:0001260"	"m9-F2.6"
"SOY:0001261"	"m9-F2.7"
"SOY:0001262"	"m9-F2.8"
"SOY:0001263"	"m9-F2.9"
"SOY:0001264"	"m9-F3.1"
"SOY:0001265"	"m9-F3.2"
"SOY:0001266"	"m9-F3.3"
"SOY:0001267"	"m9-F3.4"
"SOY:0001268"	"m9-F3.5"
"SOY:0001269"	"m9-F3.6"
"SOY:0001270"	"m9-F3.7"
"SOY:0001271"	"m9-F3.8"
"SOY:0001272"	"m9-F3.9"
"SOY:0001273"	"Flower Developmental Stages"
"SOY:0001274"	"F0.1 Flower Bud Just Visible"
"SOY:0001275"	"F0.2 Flower Petals Just Visible"
"SOY:0001276"	"F0.3 Closed Flower"
"SOY:0001277"	"F0.4 Open Flower"
"SOY:0001278"	"F0.5 Flower Petals Senescent"
"SOY:0001279"	"F0.6 Pod Just Visible"
"SOY:0001280"	"F0.7 Small Size Pod"
"SOY:0001281"	"F0.8 Pod Medium Size"
"SOY:0001282"	"F0.9 Full Size Pod"
"SOY:0001283"	"Seed Developmental Stages"
"SOY:0001284"	"S1.00 Resting Zygote"
"SOY:0001285"	"S1.01 Pro-embryo Stage 1"
"SOY:0001286"	"S1.02 Pro-embryo Stage 2"
"SOY:0001287"	"S1.03 Pro-embryo Stage 3"
"SOY:0001288"	"S1.04 Spherical Embryo Stage"
"SOY:0001289"	"S1.05 Heart Stage"
"SOY:0001290"	"S1.06 Cotyledon Stage"
"SOY:0001291"	"S1.07 Early Maturity Stage 1"
"SOY:0001292"	"S1.08 Early Maturity Stage 2"
"SOY:0001293"	"S1.09 Mid Seed Maturity"
"SOY:0001294"	"S1.10 Late Seed Maturity"
"SOY:0001295"	"Taproot"
"SOY:0001296"	"Secondary Root"
"SOY:0001297"	"Tertiary Root"
"SOY:0001298"	"Quarternary Root"
"SOY:0001299"	"Root Nodule"
"SOY:0001300"	"Root Hair"
"SOY:0001301"	"Bacterial Root Nodule"
"SOY:0001302"	"Shattering"
"SOY:0001303"	"Reaction to Xanthomonas campestris pv phaseoli infection"
"SOY:0001304"	"Abnormal seedling"
"SOY:0001305"	"Adventitious Roots"
"SOY:0001306"	"Adventitious Shoots"
"SOY:0001307"	"Reaction to Alfalfa Mosaic Virus Infection (AMV)"
"SOY:0001308"	"Reaction to Alternaria alternata infection"
"SOY:0001309"	"Aluminum Tolerance"
"SOY:0001310"	"Antibiosis"
"SOY:0001311"	"Antixenosis"
"SOY:0001312"	"Reaction to Pseudomonas syringae infection"
"SOY:0001313"	"Water Use Efficiency"
"SOY:0001314"	"Reaction to Bean Yellow Mosaic Virus Infection (BYMV)"
"SOY:0001315"	"Reaction to Colaspis brunnea Damage"
"SOY:0001316"	"R5 Beginning Seed"
"SOY:0001317"	"Brachytic Stem"
"SOY:0001318"	"Branching"
"SOY:0001319"	"Reaction to Phytophthora nicotianae infection"
"SOY:0001320"	"Reaction to Phialophora gregata infection"
"SOY:0001321"	"Reaction to Tobacco Ringspot Virus Infection (TRSV)"
"SOY:0001322"	"Reaction to Phyllophaga congrua damage"
"SOY:0001323"	"Reaction to Diabrotica undecimpunctata howardi Damage"
"SOY:0001324"	"Canopy Height"
"SOY:0001325"	"Canopy Width"
"SOY:0001326"	"Carbon Isotope Discrimination"
"SOY:0001327"	"Chasmogamy"
"SOY:0001328"	"Chlorimuron Ethyl Sensitivity"
"SOY:0001329"	"Chlorosis Score"
"SOY:0001330"	"Cleistogamy"
"SOY:0001331"	"Reaction to Helicoverpa zea damage"
"SOY:0001332"	"Cotyledon Color"
"SOY:0001333"	"Reaction to Cowpea Chlorotic Mottle Virus Infection (CCMV)"
"SOY:0001334"	"Reaction to Cowpea Mild Mottle Virus Infection (CMMV)"
"SOY:0001335"	"Reaction to Heterodera glycines damage"
"SOY:0001336"	"Reaction to Diaporthe phaseolorum infection"
"SOY:0001337"	"Reaction to Xanthomonas phaseoli infection"
"SOY:0001338"	"Reaction to Xanthomonas axonopodis infection"
"SOY:0001339"	"Reaction to Pseudomonas adropogonis infection"
"SOY:0001340"	"Reaction to Pseudomonas savastanoi infection"
"SOY:0001341"	"Hilum Abscission"
"SOY:0001342"	"Leaf Abscission"
"SOY:0001343"	"Chlorosis"
"SOY:0001344"	"Seed cysteine content"
"SOY:0001345"	"Seed daidzein content"
"SOY:0001346"	"Disease Resistance"
"SOY:0001347"	"Reaction to Peronospora manshurica infection"
"SOY:0001348"	"Early Shattering Score"
"SOY:0001349"	"Reaction to Achrya rantalis damage"
"SOY:0001350"	"Fasciated Stem"
"SOY:0001351"	"Flooding Tolerance"
"SOY:0001352"	"Flower Color"
"SOY:0001353"	"Flowering Date"
"SOY:0001354"	"Leaflet Chlorosis"
"SOY:0001355"	"Stem Chlorosis"
"SOY:0001356"	"Seed basic glycinin subunit content"
"SOY:0001357"	"Seed acidic glycinin subunit content"
"SOY:0001358"	"Asynapsis"
"SOY:0001359"	"Desynapsis"
"SOY:0001360"	"S1.11 Dry Seed Stage"
"SOY:0001361"	"Reaction to Fusarium oxysporum f sp tracheiphilum infection"
"SOY:0001362"	"Seed genistein content"
"SOY:0001363"	"Seed glycitein content"
"SOY:0001364"	"Reaction to Cerotoma trifurcata damage"
"SOY:0001365"	"Plant Height"
"SOY:0001366"	"Height/Lodging"
"SOY:0001367"	"Hilum Color"
"SOY:0001368"	"Hypocotyl Color"
"SOY:0001369"	"Hypocotyl Length"
"SOY:0001370"	"Index of Parasitism"
"SOY:0001371"	"Reaction to Insect Damage"
"SOY:0001372"	"Iodine Number"
"SOY:0001373"	"Iron Efficiency"
"SOY:0001374"	"Reaction to Meloidogyne damage"
"SOY:0001375"	"Reaction to Meloidogyne javanica damage"
"SOY:0001376"	"Reaction to Hoplolaimus columbus damage"
"SOY:0001377"	"Late Shattering Score"
"SOY:0001378"	"Leaf  Necrosis"
"SOY:0001379"	"Leaflet Length"
"SOY:0001380"	"Leaflet ash content"
"SOY:0001381"	"Reaction to Phyllophaga implicita damage"
"SOY:0001382"	"Leaf Scorch"
"SOY:0001383"	"Reaction to Phyllophaga rugosa damage"
"SOY:0001385"	"Leaflet Area"
"SOY:0001386"	"Leaflet Arrangement"
"SOY:0001387"	"Leaflet Color"
"SOY:0001388"	"Leaflet Number"
"SOY:0001389"	"Leaflet Shape"
"SOY:0001390"	"Reaction to Melanagromyza sojae damage"
"SOY:0001391"	"Seed linoleic acid content"
"SOY:0001392"	"Seed linolenic acid content"
"SOY:0001393"	"Lodging"
"SOY:0001394"	"Long Juvenile"
"SOY:0001397"	"cpDNA Diversity"
"SOY:0001398"	"Soybean Morphology and Anatomy Traits"
"SOY:0001399"	"Soybean Stature or Vigor Traits"
"SOY:0001400"	"Soybean Stress Resistance Traits"
"SOY:0001401"	"Biotic Stress Resistance"
"SOY:0001402"	"Fungal Disease Resistance Traits"
"SOY:0001403"	"Bacterial Disease Resistance Traits"
"SOY:0001404"	"Nematode Resistance"
"SOY:0001405"	"Viral Disease Resistance"
"SOY:0001406"	"Abiotic Stress Resistance"
"SOY:0001407"	"Soybean Yield Traits"
"SOY:0001408"	"Soybean Growth and Development Traits"
"SOY:0001409"	"Soybean Quality Traits"
"SOY:0001410"	"Soybean Biochemical Traits"
"SOY:0001411"	"Miscellaneous Soybean Traits"
"SOY:0001412"	"Soybean Fertility or Sterility Traits"
"SOY:0001413"	"Reaction to Ophiomyia phaseoli damage"
"SOY:0001414"	"Seed Coat Color"
"SOY:0001415"	"Seed Coat Hardness"
"SOY:0001416"	"Seed Coat Luster"
"SOY:0001417"	"Seed Shape"
"SOY:0001418"	"Seed Quality"
"SOY:0001419"	"Seed Set"
"SOY:0001420"	"Reaction to Ascochyta sajaecola infection"
"SOY:0001421"	"Reaction to Colletotrichum dematium infection"
"SOY:0001422"	"Reaction to Curvularia lunata infection"
"SOY:0001423"	"Reaction to Diaporthe sojae Infection"
"SOY:0001424"	"Reaction to Diaporthe phaseolorum var sojae Infection"
"SOY:0001425"	"Reaction to Pseudomonas savastanoi pv glycinea infection"
"SOY:0001426"	"Reaction to Xanthomonas axonopodis pv glycines infection"
"SOY:0001427"	"Reaction to Pseudomonas syringae pv glycinea infection"
"SOY:0001428"	"Reaction to Xanthomonas campestris pv glycines infection"
"SOY:0001429"	"Reaction to Xanthomonas phaseoli var sojensis infection"
"SOY:0001430"	"Reaction to Curtobacterium flaccumfaciens pv flaccumfaciens infection"
"SOY:0001431"	"Reaction to Pseudomonas syringae pv tobaci infection"
"SOY:0001432"	"Reaction to Pseudomonas solanacearum infection"
"SOY:0001433"	"Reaction to Ralstonia solanacearum infection"
"SOY:0001434"	"Reaction to Corynebacterium floccumfaciens infection"
"SOY:0001435"	"Reaction to Bacillus subtilis infection"
"SOY:0001436"	"Reaction to Alternaria tenussima infection"
"SOY:0001437"	"Reaction to Colletotrichum truncatum infection"
"SOY:0001438"	"Reaction to Colletotrichum coccodes infection"
"SOY:0001439"	"Reaction to Glomerella glycines infection"
"SOY:0001440"	"Reaction to Spodoptera exigua damage"
"SOY:0001441"	"Reaction to Glomerella cingulata infection"
"SOY:0001442"	"Reaction to Aristastoma comarographioides infection"
"SOY:0001443"	"Reaction to Aristastoma guttulosom infection"
"SOY:0001444"	"Reaction to Arkoola nigra infection"
"SOY:0001445"	"Reaction to Mycosphaerella uspenskajae infection"
"SOY:0001446"	"Reaction to Mycosphaerella phaseolorum infection"
"SOY:0001447"	"Reaction to Botrytis cinerae infection"
"SOY:0001448"	"Reaction to Cercospora kikuchii infection"
"SOY:0001449"	"Reaction to Ascochyta sojae infection"
"SOY:0001450"	"Reaction to Ascochyta phaseolorum infection"
"SOY:0001451"	"Reaction to Curvularia lunata var aeria infection"
"SOY:0001452"	"Reaction to Peronospora sojae infection"
"SOY:0001453"	"Reaction to Drechslera glycini infection"
"SOY:0001454"	"Reaction to Fusarium oxysporum f sp vasinfectum infection"
"SOY:0001455"	"Reaction to Fusarium pallidoroseum infection"
"SOY:0001456"	"Reaction to Fusarium solani infection"
"SOY:0001457"	"Reaction to Diaporthe longicolla Infection"
"SOY:0001458"	"Reaction to Diaporthe phaseolorum var caulivora Infection"
"SOY:0001459"	"Reaction to Diaporthe phaseolorum var meridionalis Infection"
"SOY:0001460"	"Reaction to Fusarium solani f sp glycines infection"
"SOY:0001461"	"Reaction to Phytophthora megasperma f sp glycinea infection"
"SOY:0001462"	"Reaction to Pythium aphanidermatum infection"
"SOY:0001463"	"Reaction to Pythium debaryanum infection"
"SOY:0001464"	"Reaction to Pythium irregulare infection"
"SOY:0001465"	"Reaction to Pythium ultimum infection"
"SOY:0001466"	"Reaction to Choanephora infundibulifera infection"
"SOY:0001467"	"Reaction to Leptosphaerulina trifolii infection"
"SOY:0001468"	"Reaction to Pleosphaerulina sojicola infection"
"SOY:0001469"	"Reaction to Dactuliochaeta glycines infection"
"SOY:0001470"	"Reaction to Thanatephorus cucumeris infection"
"SOY:0001471"	"Reaction to Phakopsora meibomiae infection"
"SOY:0001472"	"Reaction to Phakopsora pachyrhizi infection"
"SOY:0001473"	"Reaction to Sphaceloma glycines infection"
"SOY:0001474"	"Reaction to Pleospora tarda infection"
"SOY:0001475"	"Reaction to Pleospora herbarum infection"
"SOY:0001476"	"Reaction to Pleospora allii infection"
"SOY:0001477"	"Reaction to Corynespora cassiicola infection"
"SOY:0001478"	"Reaction to Macrophomina phaseolina infection"
"SOY:0001479"	"Reaction to Sclerotinia sclerotiorum infection"
"SOY:0001480"	"Reaction to Athelia rolfsii infection"
"SOY:0001481"	"Reaction to Thielaviopsis basicola infection"
"SOY:0001482"	"Reaction to Gliochadium roseum infection"
"SOY:0001483"	"Reaction to Mycoleptodiscus terrestris infection"
"SOY:0001484"	"Reaction to Neocosmospora vasinfecta infection"
"SOY:0001485"	"Reaction to Myrothecium roridum infection"
"SOY:0001486"	"Reaction to Myrothecium verrucaria infection"
"SOY:0001487"	"Reaction to Microsphaera diffusa infection"
"SOY:0001488"	"Reaction to Pseudomonas adropogonis pv sojae infection"
"SOY:0001489"	"Reaction to Black Gram Mottle Virus Infection (BMoV)"
"SOY:0001490"	"Reaction to Bean Pod Mottle Virus Infection (BPMV)"
"SOY:0001491"	"Reaction to Cowpea severe mosaic Virus Infection (CPSMV)"
"SOY:0001492"	"Reaction to Soybean Stunt Virus Infection (SSV)"
"SOY:0001493"	"Reaction to Peanut Stunt Virus Infection (PSV)"
"SOY:0001494"	"Reaction to Soybean Yellow Vein Virus Infection (SbYVV)"
"SOY:0001495"	"Reaction to Tobacco Streak Virus Infection (TSV)"
"SOY:0001496"	"Reaction to Indonesian Soybean Dwarf Virus Infection (ISDV)"
"SOY:0001497"	"Reaction to Soybean Dwarf Virus Infection (SbDV)"
"SOY:0001498"	"Reaction to Soybean Severe Stunt Virus Infection (SSSV)"
"SOY:0001499"	"Reaction to Peanut Mottle Virus Infection (PeMoV)"
"SOY:0001500"	"Reaction to Peanut Stripe Virus Infection (PStV)"
"SOY:0001501"	"Reaction to Soybean Mosaic Virus Infection (SMV)"
"SOY:0001502"	"Reaction to Tobacco Mosaic Virus Infection (TMV)"
"SOY:0001503"	"Reaction to African Soybean Dwarf Virus Infection (SbDV)"
"SOY:0001504"	"Reaction to Mung Bean Yellow Mosaic Virus Infection (MYMV)"
"SOY:0001505"	"Reaction to Soybean Crinkle Leaf Virus Infection (SCLV)"
"SOY:0001506"	"Reaction to Soybean Chlorotic Mottle Virus Infection  (SbCmV)"
"SOY:0001507"	"Reaction to Soybean Mild Mosaic Virus Infection (SMMV)"
"SOY:0001508"	"Reaction to Cucumber Mosaic Virus Infection (CuMV)"
"SOY:0001509"	"Reaction to Azuki Mosaic Virus Infection (AzMV)"
"SOY:0001510"	"Reaction to Abutilon Mosaic Virus Infection (AbMV)"
"SOY:0001511"	"Reaction to Bean Chlorotic Ringspot virus Infection (BCRV)"
"SOY:0001512"	"Reaction to Bean Common Mosaic Virus Infection (BCMV)"
"SOY:0001513"	"Reaction to Blackeye Cowpea Mosaic Virus Infection (BICMV)"
"SOY:0001514"	"Phytoplasma disease resistance traits"
"SOY:0001515"	"Bud proliferation"
"SOY:0001516"	"Machismo"
"SOY:0001517"	"Witches broom"
"SOY:0001518"	"Reaction to Phoma exigua infection"
"SOY:0001519"	"Reaction to Colias eurytheme damage"
"SOY:0001520"	"Reaction to Rhopalosiphum maidis damage"
"SOY:0001521"	"Reaction to Aphis spraecola damage"
"SOY:0001522"	"Reaction to Myzus persicae damage"
"SOY:0001523"	"Reaction to Rhapalosiphum padi damage"
"SOY:0001524"	"Reaction to Aphis craccivora damage"
"SOY:0001525"	"Reaction to Aphis gossypii damage"
"SOY:0001526"	"Reaction to Spodoptera frugiperda damage"
"SOY:0001527"	"Reaction to Spodoptera ornithogalli damage"
"SOY:0001528"	"Reaction to Diabrotica balteata damage"
"SOY:0001529"	"Reaction to Epicauta funebris damage"
"SOY:0001530"	"Reaction to Hypera punctata damage"
"SOY:0001531"	"Reaction to Agotis ipsilon damage"
"SOY:0001532"	"Reaction to Feltia ducens damage"
"SOY:0001533"	"Reaction to Peridroma saucia damage"
"SOY:0001534"	"Reaction to Dectes texanus ssp. texanus damage"
"SOY:0001535"	"Reaction to Halticus bractatus damage"
"SOY:0001536"	"Reaction to Ophiomyia centrosematis damage"
"SOY:0001537"	"Reaction to Melanoplus femurrubrum damage"
"SOY:0001538"	"Reaction to Melanoplus differentialis damage"
"SOY:0001539"	"Reaction to Plathypena scabra damage"
"SOY:0001540"	"Reaction to Calomycterus setarius damage"
"SOY:0001541"	"Reaction to Popilliae japnoica damage"
"SOY:0001542"	"Reaction to Elasmopalpus lignosellus damage"
"SOY:0001543"	"Reaction to Pseudoplusia includens damage"
"SOY:0001544"	"Reaction to Trichoplusia ni damage"
"SOY:0001545"	"Reaction to Epilachna varivestis damage"
"SOY:0001546"	"Reaction to Vanessa cardui damage"
"SOY:0001547"	"Reaction to Lygus lineolaris damage"
"SOY:0001548"	"Reaction to Empoasca fabae damage"
"SOY:0001549"	"Reaction to Delia platura damage"
"SOY:0001550"	"Reaction to Odontota horni damage"
"SOY:0001551"	"Reaction to Odontota dorsalis damage"
"SOY:0001552"	"Reaction to Sumitosis rosea damage"
"SOY:0001553"	"Reaction to Rivellia quadrifasciata damage"
"SOY:0001554"	"Reaction to Sericothrips variabilis damage"
"SOY:0001555"	"Reaction to Frankliniella tritici damage"
"SOY:0001556"	"Reaction to Colaspis louisianae damage"
"SOY:0001557"	"Reaction to Colaspis floridana damage"
"SOY:0001558"	"Reaction to Papaipema nebris damage"
"SOY:0001559"	"Reaction to Nezara viridula damage"
"SOY:0001560"	"Reaction to Acrosternum hilare damage"
"SOY:0001561"	"Reaction to Euschistus servus damage"
"SOY:0001562"	"Reaction to Spissistilus festinus damage"
"SOY:0001563"	"Reaction to Tetranychus urticae damage"
"SOY:0001564"	"Reaction to Tetranychus pacificus damage"
"SOY:0001565"	"Reaction to Anticarsia gemmatalis damage"
"SOY:0001566"	"Reaction to Bemisia tabaci damage"
"SOY:0001567"	"Reaction to Phyllophaga damage"
"SOY:0001568"	"Reaction to Melanotus damage"
"SOY:0001569"	"Reaction to Spilosma virginica damage"
"SOY:0001570"	"Reaction to Alternaria infection"
"SOY:0001571"	"Reaction to Aristastoma infection"
"SOY:0001572"	"Reaction to Ascochyta infection"
"SOY:0001573"	"Reaction to Cercospora infection"
"SOY:0001574"	"Reaction to Colletotrichum infection"
"SOY:0001575"	"Reaction to Diaporthe infection"
"SOY:0001576"	"Reaction to Curvularia infection"
"SOY:0001577"	"Reaction to Fusarium infection"
"SOY:0001578"	"Reaction to Mycosphaerella infection"
"SOY:0001579"	"Reaction to Myrothecium infection"
"SOY:0001580"	"Reaction to Peronospora infection"
"SOY:0001581"	"Reaction to Phakopsora infection"
"SOY:0001582"	"Reaction to Phytophthora infection"
"SOY:0001583"	"Reaction to Pleospora infection"
"SOY:0001584"	"Reaction to Pythium species infection"
"SOY:0001585"	"Reaction to Hoplolaimus damage"
"SOY:0001586"	"Reaction to Hoplolaimus galeatus damage"
"SOY:0001587"	"Reaction to Hoplolaimus magnistylus damage"
"SOY:0001588"	"Reaction to Meloidogyne arenaria damage"
"SOY:0001589"	"Reaction to Meloidogyne hapla damage"
"SOY:0001590"	"Reaction to Meloidogyne incognita damage"
"SOY:0001591"	"Chromosome Number"
"SOY:0001592"	"Reaction to Spodoptera litura damage"
"SOY:0001593"	"Reaction to Pseudomonas syringae pv phaseolicola infectiion"
"SOY:0001594"	"Seed filling 1"
"SOY:0001595"	"Seed filling 2"
"SOY:0001596"	"Seed filling period"
"SOY:0001597"	"Seed width"
"SOY:0001598"	"Seed height"
"SOY:0001599"	"Seed length"
"SOY:0001600"	"Seed volume"
"SOY:0001601"	"Manganese ion sensitivity"
"SOY:0001602"	"Shoot phosphorus content"
"SOY:0001603"	"Seed arabinose content"
"SOY:0001604"	"Seed"
"SOY:0001605"	"Reaction to Aphis species damage"
"SOY:0001606"	"Reaction to Colaspis species damage"
"SOY:0001607"	"Reaction to Diabrotica species damage"
"SOY:0001608"	"Pod Maturity Date"
"SOY:0001609"	"Sodium ion sensitivity"
"SOY:0001611"	"Female sterile"
"SOY:0001612"	"Male sterile"
"SOY:0001613"	"Supernodulation"
"SOY:0001614"	"Leaflet Width"
"SOY:0001617"	"Seed soluble oligosaccharides"
"SOY:0001618"	"Twining date"
"SOY:0001619"	"Upper pubescence type"
"SOY:0001620"	"Reaction to Heliothis virescens damage"
"SOY:0001621"	"Yield/Height"
"SOY:0001622"	"Yield"
"SOY:0001623"	"Seed sucrose content"
"SOY:0001624"	"Main Stem Diameter"
"SOY:0001625"	"Main Stem Length"
"SOY:0001626"	"Seed stearic acid content"
"SOY:0001627"	"Sprout yield"
"SOY:0001628"	"Specific leaflet weight"
"SOY:0001629"	"Seed weight"
"SOY:0001630"	"Seed Number"
"SOY:0001631"	"Seed nitrogen content"
"SOY:0001632"	"Seed Structures"
"SOY:0001633"	"Hilum"
"SOY:0001634"	"Micropyle"
"SOY:0001635"	"Seed Coat"
"SOY:0001636"	"Seed stachyose content"
"SOY:0001637"	"Leaflet Morphology"
"SOY:0001638"	"Reproductive stage"
"SOY:0001639"	"Flower development trait"
"SOY:0001640"	"First flower"
"SOY:0001641"	"Seed raffinose content"
"SOY:0001642"	"Seed Raphe"
"SOY:0001643"	"Reaction to Fusarium oxysporum infection"
"SOY:0001644"	"R3 Beginning pod"
"SOY:0001645"	"R7 Beginning Maturity"
"SOY:0001646"	"R8 Full Maturity"
"SOY:0001647"	"Brittle bean syndrome"
"SOY:0001648"	"Hilar Groove"
"SOY:0001649"	"Seed arabinose-galactose content"
"SOY:0001650"	"Soybean Development Stages"
"SOY:0001651"	"Seed beta conglycinin protein fraction"
"SOY:0001652"	"Seed alpha-prime conglycinin fraction"
"SOY:0001653"	"Cell wall polysaccharide composition"
"SOY:0001654"	"Seed conglycinin protein content"
"SOY:0001655"	"Reaction to Cercospora sojina infection"
"SOY:0001656"	"Seed fucose content"
"SOY:0001657"	"Seed Morphology"
"SOY:0001658"	"Seed galactose content"
"SOY:0001659"	"Pod Morphology"
"SOY:0001660"	"Seed glucose content"
"SOY:0001661"	"Main Stem Morphology"
"SOY:0001662"	"Seed glycinin content"
"SOY:0001663"	"Main Stem Number"
"SOY:0001664"	"Seed meal content"
"SOY:0001665"	"Main Stem Architecture"
"SOY:0001666"	"Lateral Branch Morphology"
"SOY:0001667"	"Isoflavone content"
"SOY:0001668"	"Seed oil content"
"SOY:0001669"	"Lateral Branch Diameter"
"SOY:0001670"	"Lateral Branch Length"
"SOY:0001671"	"Seed oleic acid content"
"SOY:0001672"	"Lateral Branch Architecture"
"SOY:0001673"	"Seed palmitic acid content"
"SOY:0001674"	"Saccharide:mono content"
"SOY:0001675"	"Hypocotyl Morphology"
"SOY:0001676"	"Seed protein content"
"SOY:0001677"	"Hypocotyl Architecture"
"SOY:0001678"	"Secondary Branching"
"SOY:0001679"	"Internode length"
"SOY:0001680"	"Reaction to Bacillus infection"
"SOY:0001681"	"Reaction to Corynebacterium infection"
"SOY:0001682"	"Reaction to Curtobacterium infection"
"SOY:0001683"	"Reaction to Pseudomonas infection"
"SOY:0001684"	"Reaction to Ralstonia infection"
"SOY:0001685"	"Reaction to Xanthomonas infection"
"SOY:0001686"	"Reaction to Xanthomonas campestris infection"
"SOY:0001687"	"Reaction to Sclerotinia species infection"
"SOY:0001688"	"Stem Termination Type"
"SOY:0001689"	"Seed oil/protein ratio"
"SOY:0001690"	"3,4-dichloropropionanilide sensitivity"
"SOY:0001691"	"Pectin content"
"SOY:0001692"	"Seed phytate content"
"SOY:0001693"	"Leaflet trigonelline content"
"SOY:0001694"	"Photoperiod sensitivity"
"SOY:0001695"	"Reaction to Melanoplus species damage"
"SOY:0001696"	"Reaction to Rhapalosiphum species damage"
"SOY:0001697"	"Reaction to Spodoptera species damage"
"SOY:0001698"	"Reaction to Odontota species damage"
"SOY:0001699"	"Reaction to Rotylenchulus reniformis damage"
"SOY:0001700"	"Reaction to Cowpea Mosaic Virus Infection (CPMV)"
"SOY:0001701"	"Drought Tolerance"
"SOY:0001703"	"Reaction to Cercospora daizu infection"
"SOY:0001704"	"Reaction to Cercospora melonis infection"
"SOY:0001705"	"Reaction to Cercospora vignicola infection"
"SOY:0001706"	"Reaction to Glomerella infection"
"SOY:0001707"	"Reaction to Fusarium tricinctum infection"
"SOY:0001708"	"Maturity group"
"SOY:0001709"	"Seed methionine content"
"SOY:0001710"	"Metribuzin Sensitivity"
"SOY:0001711"	"Bentazon Sensitivity"
"SOY:0001712"	"Pendimethalin Sensitivity"
"SOY:0001713"	"Seed Coat Mottling"
"SOY:0001714"	"Peroxidase activity"
"SOY:0001715"	"Pod Color"
"SOY:0001716"	"Reaction to Phytophthora sojae infection"
"SOY:0001717"	"Pod Length"
"SOY:0001718"	"Pubescence Traits"
"SOY:0001719"	"Pubescence Color"
"SOY:0001720"	"Pubescence Form"
"SOY:0001721"	"Pubescence Density"
"SOY:0001722"	"Pubescence Tip Type"
"SOY:0001723"	"Adventitious Leaves"
"SOY:0001725"	"Floral Abscission"
"SOY:0001726"	"Ovule Abortion"
"SOY:0001727"	"Embryo Abortion"
"SOY:0001728"	"Germination Time"
"SOY:0001729"	"Podless"
"SOY:0001732"	"Root Morphology"
"SOY:0001733"	"Shoot Morphology"
"SOY:0001734"	"Primary Root Morphology"
"SOY:0001735"	"Lateral Root Morphology"
"SOY:0001736"	"Lateral Root Length"
"SOY:0001737"	"Lateral Root Size"
"SOY:0001738"	"Lateral Root Shape"
"SOY:0001739"	"Lateral Root Density"
"SOY:0001740"	"Flower Number"
"SOY:0001741"	"Pod Number"
"SOY:0001742"	"Lateral Roots Absent"
"SOY:0001743"	"Root Weight"
"SOY:0001744"	"Plant weight"
"SOY:0001745"	"Root Surface Area"
"SOY:0001746"	"Shoot Weight"
"SOY:0001747"	"Primary Root Size"
"SOY:0001748"	"Primary Root Shape"
"SOY:0001749"	"Primary Root Length"
"SOY:0001750"	"Root to Shoot Ratio"
"SOY:0001751"	"Drought Susceptibility Index"
"SOY:0001752"	"Node Number"
"SOY:0001753"	"Pods Per Node"
"SOY:0001754"	"pH Sensitivity"
"SOY:0001755"	"Reaction to Acidity"
"SOY:0001756"	"Reaction to Alkalinity"
"SOY:0001757"	"Amino Acid Composition"
"SOY:0001758"	"Seed alanine content"
"SOY:0001759"	"Seed valine content"
"SOY:0001760"	"Seed lysine content"
"SOY:0001761"	"Seed proline content"
"SOY:0001762"	"Seed histidine content"
"SOY:0001763"	"Seed glutamine content"
"SOY:0001764"	"Seed arginine content"
"SOY:0001765"	"Seed glycine content"
"SOY:0001766"	"Seed asparagine content"
"SOY:0001767"	"Seed threonine content"
"SOY:0001769"	"Seed tryptophan content"
"SOY:0001770"	"Seed serine content"
"SOY:0001771"	"Seed phenylalanine content"
"SOY:0001772"	"Seed tyrosine content"
"SOY:0001773"	"Petiole Morphology"
"SOY:0001774"	"Petiole Length"
"SOY:0001775"	"Petiole Shape"
"SOY:0001776"	"Petiole Size"
"SOY:0001777"	"Petiolule Morphology"
"SOY:0001778"	"Petiolule Length"
"SOY:0001779"	"Petiolule Shape"
"SOY:0001780"	"Petiolule Size"
"SOY:0001781"	"Determinant Stem"
"SOY:0001782"	"Indeterminant Stem"
"SOY:0001783"	"Seed leucine content"
"SOY:0001784"	"Seed isoleucine content"
"SOY:0001785"	"Seed aspartic acid content"
"SOY:0001786"	"Seed glutamic acid content"
"SOY:0001789"	"Stem strength"
"SOY:0001790"	"Seed oil plus protein content"
"SOY:0001791"	"Seed weight per plant"
"SOY:0001792"	"Seed hardness"
"SOY:0001793"	"Root Nodulation"
"SOY:0001794"	"Leaflet margin"
"SOY:0001795"	"Seed cadmium concentration"
"SOY:0001796"	"Root Nodule Morphology"
"SOY:0001797"	"Root Nodule Color"
"SOY:0001798"	"Root Nodule Size"
"SOY:0001799"	"Root Nodule Growth"
"SOY:0001800"	"Determinate Root Nodule Growth Habit"
"SOY:0001801"	"Indeterminate Root Nodule Growth Habit"
"SOY:0001804"	"Pubescence Length"
"SOY:0001805"	"Flower form"
"SOY:0001806"	"Somatic embryogenesis"
"SOY:0001807"	"Phototropism"
"SOY:0001808"	"Gravitropism"
"SOY:0001809"	"Heliotropism"
"SOY:0001810"	"Root Gravitropism"
"SOY:0001811"	"Stem Gravitropism"
"SOY:0001812"	"Inorganic salt sensitivity"
"SOY:0001813"	"Chloride ion sensitivity"
"SOY:0001814"	"Herbicide sensitivity"
"SOY:0001815"	"Rhizobium response"
"SOY:0001816"	"Response to Bradyrhizobium species."
"SOY:0001817"	"Response to Sinorhizobium species."
"SOY:0001818"	"Response to Mesorhizobium species."
"SOY:0001819"	"Response to Bradyrhizobium japonicum."
"SOY:0001820"	"Response to Bradyrhizobium elkanii."
"SOY:0001821"	"Response to Bradyrhizobium liaoningense."
"SOY:0001822"	"Response to Sinorhizobium fredii."
"SOY:0001823"	"Response to Mesorhizobium tianshanense."
"SOY:0001824"	"Reproductive Period"
"SOY:0001825"	"Somatic embryos per explant"
"SOY:0001826"	"Reaction to Nematospora coryli infection"
"SOY:0001827"	"Somatic embryogenesis efficiency"
"SOY:0001828"	"Reaction to Nematospora infection"
"SOY:0001829"	"Reaction to Nematospora lycopersici infection"
"SOY:0001830"	"Seed nitrogen content at growth stage R5"
"SOY:0001831"	"Seed nitrogen content at growth stage R6"
"SOY:0001832"	"Seed nitrogen content at growth stage R7"
"SOY:0001833"	"Phosphorus content"
"SOY:0001834"	"Leaf phosphorus content"
"SOY:0001835"	"Seed phosphorus content"
"SOY:0001836"	"Root phosphorus content"
"SOY:0001837"	"Seed methionine and cysteine content"
"SOY:0001838"	"Manganese induced leaf necrosis"
"SOY:0001839"	"Manganese induced root necrosis"
"SOY:0001840"	"Chilling induced seed coat color"
"SOY:0001841"	"Leaflet alkaloid content"
"SOY:0001842"	"Mineral content"
"SOY:0001843"	"Saccharide:Di content"
"SOY:0001844"	"Saccharide:oligo content"
"SOY:0001845"	"Oil content"
"SOY:0001846"	"Enzymatic activity"
"SOY:0001847"	"Seed coat peroxidase activity"
"SOY:0001848"	"Nitrogen content"
"SOY:0001849"	"Seed isoflavone content"
